{
  "dungeons_arise:wda_root": {
    "criteria": {
      "WDA": "2024-08-25 16:48:42 +0000"
    },
    "done": true
  },
  "theabyss:unlockthebook": {
    "criteria": {
      "unlockthebook": "2024-08-25 16:48:42 +0000"
    },
    "done": true
  },
  "farmersdelight:main/root": {
    "criteria": {
      "seeds": "2024-08-25 16:48:42 +0000"
    },
    "done": true
  },
  "minecraft:adventure/adventuring_time": {
    "criteria": {
      "minecraft:stony_shore": "2024-08-25 15:27:18 +0000",
      "minecraft:savanna": "2024-08-25 15:25:59 +0000"
    },
    "done": false
  },
  "DataVersion": 3120
}